Table with row headers in column A and column headers in rows 5 through 6 and 60 through 61,,,,,,,,,,,,,,,,,,,,,,,,,,,,,,,,,,,,,,,,,,,,,,,,,,,,,,,,,,,,,,,,,,,,,,,,,,,,
Table H-8. Median Household Income by State: 1984 to 2019,,,,,,,,,,,,,,,,,,,,,,,,,,,,,,,,,,,,,,,,,,,,,,,,,,,,,,,,,,,,,,,,,,,,,,,,,,,,
"(Households as of March of the following year. Income in current and 2019 CPI-U-RS adjusted dollars (28). Beginning in 2010, standard errors were calculated using replicate weights)",,,,,,,,,,,,,,,,,,,,,,,,,,,,,,,,,,,,,,,,,,,,,,,,,,,,,,,,,,,,,,,,,,,,,,,,,,,,
Current Dollars,,,,,,,,,,,,,,,,,,,,,,,,,,,,,,,,,,,,,,,,,,,,,,,,,,,,,,,,,,,,,,,,,,,,,,,,,,,,
State,2019,,2018,,2017 (40),,2017,,2016,,2015,,2014,,2013 (39),,2013 (38),,2012,,2011,,2010 (37),,2009 (36),,2008,,2007,,2006,,2005,,2004 (revised),,2003,,2002,,2001,,2000 (30),,1999 (29),,1998,,1997,,1996,,1995 (25),,1994 (24),,1993 (23),,1992 (22),,1991,,1990,,1989,,1988,,1987 (21),,1986,,1985 (20),,1984 (19),
,Median income,Standard error,Median income,Standard error,Median income,Standard error,Median income,Standard error,Median income,Standard error,Median income,Standard error,Median income,Standard error,Median income,Standard error,Median income,Standard error,Median income,Standard error,Median income,Standard error,Median income,Standard error,Median income,Standard error,Median income,Standard error,Median income,Standard error,Median income,Standard error,Median income,Standard error,Median income,Standard error,Median income,Standard error,Median income,Standard error,Median income,Standard error,Median income,Standard error,Median income,Standard error,Median income,Standard error,Median income,Standard error,Median income,Standard error,Median income,Standard error,Median income,Standard error,Median income,Standard error,Median income,Standard error,Median income,Standard error,Median income,Standard error,Median income,Standard error,Median income,Standard error,Median income,Standard error,Median income,Standard error,Median income,Standard error,Median income,Standard error
United States,"68,703",550,"63,179",420,"61,136",322,"61,372",335,"59,039",436,"56,516",321,"53,657",392,"53,585",654,"51,939",276,"51,017",209,"50,054",251,"49,276",325,"49,777",213,"50,303",137,"50,233",140,"48,201",207,"46,326",155,"44,334",196,"43,318",188,"42,409",139,"42,228",129,"41,990",132,"40,696",190,"38,885",230,"37,005",171,"35,492",179,"34,076",197,"32,264",147,"31,241",146,"30,636",145,"30,126",144,"29,943",153,"28,906",159,"27,225",139,"26,061",127,"24,897",129,"23,618",128,"22,415",102
Alabama,"56,200","2,512","49,936","2,423","50,865","1,094","51,113",845,"47,221","2,301","44,509","3,419","42,278","1,529","47,320","5,511","41,381","2,315","43,464","2,529","42,590","2,021","40,933","2,396","39,980",904,"44,476","1,659","42,212","1,420","37,952","1,014","37,150","1,215","36,629","1,303","37,255","1,580","37,603","1,062","35,160","1,006","35,424","1,072","36,251","1,189","36,266","1,307","31,939","1,607","30,302","1,258","25,991","1,266","27,196","1,559","25,082","1,088","25,808","1,058","24,346","1,068","23,357","1,037","21,284","1,070","19,948",912,"19,734","1,147","19,132",885,"18,333",760,"17,310",605
Alaska,"78,394","6,685","68,734","3,390","77,987","3,718","72,231","2,719","75,723","4,086","75,112","3,485","67,629","3,153","72,472","5,446","61,137","3,301","63,648","2,839","57,431","3,710","57,848","2,390","61,604","1,751","63,989","2,302","62,993","1,583","56,418","1,495","55,891","1,331","55,063","2,071","51,837",981,"52,774","1,073","57,363","2,012","52,847","1,159","51,396","2,226","50,692","2,124","47,994","1,258","52,779","1,907","47,954","2,008","45,367","1,494","42,931","1,643","41,802","1,156","40,612","1,822","39,298","1,627","36,006","1,378","33,103","1,183","33,233","1,497","31,356","1,017","34,782","1,089","32,356","1,473"
Arizona,"70,674","3,391","62,283","2,291","59,700","2,689","61,125","2,642","57,100","1,971","52,248","2,008","49,254","2,304","52,611","4,365","50,602","4,831","47,044","2,922","48,621","2,424","46,896","2,227","45,739","1,241","46,914","1,125","47,215","1,555","46,657","1,246","45,245","1,271","43,846","1,143","41,166","1,422","39,734","1,003","42,704","1,441","39,783","1,210","36,995","1,133","37,090","1,255","32,740","1,297","31,637","1,274","30,863","1,360","31,293",773,"30,510","1,120","29,358","1,088","30,737",897,"29,224","1,141","28,552","1,210","26,435",843,"26,749",892,"25,500",718,"23,877",744,"21,425",609
Arkansas,"54,539","2,384","49,781","2,108","49,751","2,491","48,829","2,642","45,907","2,165","42,798","1,572","44,922","2,546","39,376","2,402","39,919","2,389","39,018","2,812","41,302","1,849","38,587","2,464","36,538",909,"39,586","1,194","40,795","1,348","37,057",767,"36,658","1,309","34,984",994,"32,002",776,"32,387",778,"33,339","1,144","29,697",772,"29,682","1,026","27,665","1,160","26,162","1,154","27,123",978,"25,814",999,"25,565",944,"23,039",847,"23,882","1,398","23,435",783,"22,786",981,"21,433",915,"20,172",706,"18,827","1,008","18,730",765,"17,451",764,"15,674",748
California,"78,105","1,850","70,489","1,233","70,038","1,576","69,759","1,452","66,637","1,075","63,636","1,711","60,487",894,"60,794","1,811","57,528","1,223","57,020","1,238","53,367","1,378","54,283","1,182","56,134",619,"57,014",829,"55,734",618,"55,319",695,"51,755",460,"49,222",660,"49,300",819,"47,437",766,"47,262",727,"46,816",686,"43,629",703,"40,934",577,"39,694",864,"38,812",818,"37,009",723,"35,331",619,"34,073",651,"34,903",629,"33,664",685,"33,290",565,"33,009",618,"30,287",634,"30,146",538,"29,010",570,"26,981",350,"25,287",364
Colorado,"72,499","5,221","73,034","3,562","74,984","2,661","74,172","2,982","70,566","4,125","66,596","3,682","60,940","2,414","67,912","4,129","63,371","2,800","57,255","2,708","58,629","2,553","60,233","2,481","55,930","1,595","60,943","1,898","61,141","1,014","55,697","1,524","50,449","1,287","50,886","1,590","49,940","1,158","48,294","1,464","49,397","1,190","48,240","1,237","48,177","1,483","46,599","1,086","43,233","1,944","40,950","1,329","40,706","1,552","37,833","1,446","34,488","1,569","32,484","1,471","31,499","1,245","30,733",906,"26,806","1,398","26,214","1,285","26,476","1,075","27,192",926,"28,182",850,"25,801",805
Connecticut,"87,291","4,630","72,812","5,119","74,304","3,453","72,780","3,509","75,923","3,404","72,889","4,449","70,161","2,665","69,291","3,238","67,781","2,547","64,247","2,853","65,415","3,014","65,998","2,095","64,851","2,308","64,682","2,701","64,141","2,049","62,404","2,162","56,835","1,633","55,100","1,648","54,965","1,561","53,387","1,370","53,347","1,240","50,172","1,357","50,593","2,296","46,508","2,728","43,985","1,989","42,119","3,087","40,243","2,269","41,097","1,595","39,516","1,660","40,841","1,972","42,154","1,944","38,870","2,097","42,321","1,592","36,213","1,293","32,862","1,362","32,721","1,605","31,090","1,129","29,951","1,238"
Delaware,"74,194","3,009","65,012","3,599","64,961","5,230","62,318","3,300","58,046","2,992","57,756","3,392","57,522","2,970","54,091","4,350","52,219","2,486","48,972","1,976","54,660","1,745","55,214","2,255","52,114","1,781","50,702","1,388","54,589","2,159","52,438","1,730","51,235","1,076","48,049","1,421","49,019","1,378","49,650","1,685","49,602","1,468","50,365","1,508","46,628","2,281","41,458","1,753","43,033","2,062","39,309","1,402","34,928","1,848","35,873","1,191","36,064",849,"35,678","1,393","32,585","1,111","30,804","1,113","32,068","1,133","30,505","1,167","29,244",875,"25,626","1,212","22,980","1,366","25,819","1,027"
District of Columbia,"93,111","3,884","85,750","2,659","81,282","1,903","83,382","3,319","70,982","2,734","70,071","2,861","68,277","4,402","60,057","5,529","60,675","3,082","65,246","3,671","55,251","2,109","56,928","3,333","53,141","2,088","55,590","1,763","50,783","1,097","48,477","1,679","44,993","2,167","43,451","1,864","45,044","1,418","39,070",995,"41,169","1,023","41,222","1,072","38,670","1,599","33,433","1,311","31,860",984,"31,966","1,578","30,748","1,182","30,116","1,107","27,304","1,726","30,247","1,124","29,885","1,903","27,392","1,562","26,752","1,015","26,741",748,"27,455","1,285","24,322","1,252","21,076",756,"20,408",860
Florida,"58,368","1,579","54,644","1,887","53,086","1,438","53,681","1,816","51,176",835,"48,825","1,395","46,140",950,"48,532","2,815","47,886","1,573","46,071","1,110","45,105","1,138","44,066","1,544","45,631",706,"44,857",858,"45,794",570,"45,676",629,"42,990",810,"40,535",632,"38,972",759,"38,024",828,"36,421",417,"38,856",743,"35,831",627,"34,909",767,"32,455",583,"30,641",513,"29,745",612,"29,294",632,"28,550",707,"27,349",526,"27,252",475,"26,685",454,"26,085",475,"25,406",475,"24,489",476,"22,849",540,"21,343",437,"19,785",468
Georgia,"56,628","1,782","55,821","2,032","57,985","2,288","57,016","2,434","53,527","1,679","50,768","1,401","49,555","2,009","46,992","4,236","47,439","1,959","48,121","1,504","45,973","2,483","44,117","1,822","43,340","1,256","46,227","1,164","48,641","1,078","49,344","1,210","45,926",838,"40,984",618,"42,438",979,"42,939","1,107","42,576","1,073","41,901",831,"39,425","1,355","38,665","1,179","36,663",916,"32,496","1,666","34,099",897,"31,467","1,238","31,663","1,254","28,797","1,228","27,212","1,088","27,561","1,186","27,542","1,021","26,566",896,"26,714","1,380","24,370","1,112","21,049",788,"19,984",815
Hawaii,"88,006","3,565","80,108","3,482","73,599","2,352","73,575","2,227","72,133","2,510","64,514","2,840","71,223","2,676","64,235","3,918","61,408","2,207","56,263","2,255","59,047","2,531","59,539","2,731","55,649","2,023","61,521","1,481","64,022","2,125","60,470","1,571","59,586","1,212","56,242","1,690","51,834","1,332","47,303","1,371","47,439","1,256","51,546","1,193","44,504","1,832","40,827","2,369","40,934","1,399","41,772","1,893","42,851","1,292","42,255","2,423","42,662","1,759","42,113","1,435","37,246","1,630","38,921","1,414","35,035","1,328","33,024","1,482","35,022","1,074","29,003","1,206","28,961","1,446","28,877","1,216"
Idaho,"65,988","2,152","58,728","2,405","59,497","2,259","60,208","2,400","56,564","1,261","51,624","1,260","53,438","2,572","48,467","5,484","51,767","3,656","47,922","3,173","47,459","3,488","47,050","1,869","46,778","1,264","47,420","1,681","49,184","1,291","46,213","1,312","44,176","1,254","44,358","1,387","42,372",982,"37,715","1,121","38,241",966,"37,611","1,192","35,800","1,413","36,680","1,090","33,404","1,339","34,709","1,341","32,676","1,116","31,536","1,278","31,010","1,323","27,704",874,"26,116","1,029","25,305",975,"24,654",953,"23,450","1,004","20,755",834,"20,749",680,"20,761",598,"21,092",963
Illinois,"74,399","2,625","70,145","2,253","65,969","1,667","64,609","1,999","61,386","1,761","60,413","1,999","54,916","1,625","53,937","3,287","57,196","1,744","51,738","1,328","50,637","1,374","50,728","1,474","52,870",941,"53,254","1,325","52,506",950,"48,671","1,167","48,398",986,"46,077",823,"45,153","1,072","42,710",856,"46,171",879,"46,064",966,"46,330","1,028","43,178","1,234","41,283",782,"39,554","1,107","38,071",875,"35,081",799,"32,857",810,"31,551",752,"31,884",714,"32,542",724,"31,300",623,"29,524",754,"27,084",536,"26,511",634,"24,870",523,"23,752",567
Indiana,"66,693","3,112","59,892","1,997","58,767","1,655","58,873","2,026","56,094","2,877","51,983","1,682","48,060","1,943","49,455","4,508","50,553","3,220","46,158","1,787","44,445","2,309","46,139","2,573","44,305","1,085","46,520","1,185","47,453","1,255","45,407","1,236","42,437","1,100","42,329","1,151","42,425",959,"41,047",748,"40,379",948,"40,865",679,"40,838","1,719","39,731","1,589","38,889","1,183","35,147","1,298","33,385","1,444","27,858","1,032","29,475","1,361","28,530","1,315","27,089",922,"26,928","1,099","25,898","1,022","26,293",931,"22,519",944,"22,728",709,"22,675",626,"22,770",710
Iowa,"66,054","4,009","68,718","2,910","63,467","4,760","63,481","5,512","59,094","2,484","60,855","3,275","57,810","3,425","60,156","6,134","54,855","1,967","53,442","2,138","50,219","1,974","49,016","1,342","50,721","1,535","50,142","1,293","48,908","1,451","48,126","1,491","46,500","1,339","43,391","1,521","41,384",884,"41,049","1,152","40,976","1,133","40,991",811,"41,098","1,130","37,019","1,202","33,783","1,282","33,209","1,527","35,519",942,"33,079","1,280","28,663","1,240","28,743",972,"28,553","1,012","27,288",986,"26,265",792,"24,305","1,078","22,190",912,"22,459",750,"20,927",604,"19,863",745
Kansas,"73,151","4,329","63,938","2,027","56,900","1,937","57,872","2,898","56,810","3,268","54,865","3,731","53,444","2,863","47,820","4,496","51,485","1,498","50,003","1,812","46,147","1,950","46,054","1,816","44,717","1,788","47,877","1,410","48,497","1,805","45,552","1,252","42,027",985,"41,066","1,749","44,232","1,326","42,619","1,047","41,415","1,115","41,059","1,168","37,348","2,078","36,711","1,617","36,471","1,614","32,585","1,460","30,341",921,"28,322","1,064","29,770","1,144","30,346","1,137","29,295",934,"29,917","1,179","26,862",908,"25,566","1,153","25,583",900,"23,926",782,"22,788","1,033","24,629",912
Kentucky,"55,662","2,553","54,555","3,668","49,672","1,885","51,348","1,364","45,369","2,005","42,387","2,269","42,786","1,580","44,879","3,924","42,158","1,874","41,086","1,900","39,856","1,847","41,104","2,823","42,664","1,313","41,148",812,"39,452","1,211","39,485","1,051","36,699",898,"35,610","1,218","36,936",857,"36,762",874,"38,437","1,009","36,265",848,"33,738","1,484","36,252","1,511","33,452","1,659","32,413","1,439","29,810","1,149","26,595","1,028","24,376","1,091","23,485","1,259","23,764","1,046","24,780","1,213","23,283","1,206","19,907",801,"20,673",939,"19,874","1,006","17,361",748,"17,680","1,079"
Louisiana,"51,707","1,412","49,973","1,754","43,565","2,088","43,903","1,453","42,196","1,197","45,922","2,140","42,406","1,862","46,425","2,543","39,622","2,857","39,085","1,611","40,658","1,929","39,300","3,248","45,433","1,813","39,563","1,486","41,313",937,"36,488","1,425","37,236","1,297","36,429","1,243","33,507","1,103","34,008","1,258","33,322","1,195","30,718",828,"32,654","1,244","31,735","1,660","33,260","1,551","30,262","1,290","27,949","1,090","25,676","1,501","26,312","1,164","25,439","1,142","25,299","1,156","22,405","1,580","22,861","1,857","20,497","1,474","21,349",858,"20,890",956,"21,179",728,"18,949",880
Maine,"66,546","5,002","58,663","5,683","53,316","3,121","51,664","2,146","50,856","3,346","50,756","1,929","51,710","2,171","54,957","3,863","50,121","1,953","49,158","2,247","49,693","1,983","47,931","1,687","47,502","1,739","47,228","1,436","47,894","1,398","45,642","1,797","43,923","1,433","41,329","1,223","37,113",945,"36,853",846,"36,612",952,"37,266",853,"38,862","1,319","35,640","1,049","32,772","1,301","34,696","1,211","33,858","1,088","30,316","1,537","27,438","1,203","29,617","1,026","27,868","1,253","27,464","1,572","28,221","1,389","26,402",942,"23,600","1,019","23,424",970,"20,519",803,"20,648",884
Maryland,"95,572","3,284","86,223","3,331","82,093","3,643","81,084","3,652","73,760","2,591","73,594","2,692","76,165","4,272","69,353","2,970","65,262","4,386","71,836","1,851","68,876","2,125","64,201","2,297","64,186","1,674","63,711","1,769","65,630","1,661","63,668","1,601","60,512","1,477","57,103","1,692","52,314","1,223","56,407","1,532","53,530","1,652","54,535","1,400","52,205","2,217","50,016","2,161","46,685","1,476","43,993","2,565","41,041","1,627","39,198","1,400","39,939","1,282","37,203","1,626","36,952","1,417","38,857","1,596","36,016","1,187","36,552","1,196","34,970","1,388","30,604","1,036","30,136",966,"29,708","1,151"
Massachusetts,"87,707","2,828","86,345","2,785","76,243","2,394","73,227","3,328","72,266","2,911","67,861","2,790","63,151","2,662","62,529","5,303","62,963","3,456","63,656","3,773","63,313","3,226","60,934","2,193","59,373","1,749","60,320","1,674","58,463","2,231","55,330","2,079","56,017","1,754","52,019","1,667","50,955",953,"49,855","1,153","52,253","1,518","46,753","1,357","44,005","2,023","42,345","1,961","42,023","1,383","39,494","1,932","38,574","1,475","40,500","1,060","37,064",949,"36,359",738,"35,714",790,"36,247",828,"36,086",704,"33,213",839,"32,241",716,"30,339",735,"28,207",810,"26,959",693
Michigan,"64,119","1,680","60,449","1,906","56,405","2,286","57,700","2,337","57,091","1,908","54,203","2,005","52,005","1,199","56,567","1,587","48,801","2,229","50,015","1,515","48,879","1,844","46,276","1,737","45,994","1,003","49,788","1,154","49,370",798,"48,647",966,"45,933",915,"42,256",858,"45,022",950,"42,715","1,115","45,047",868,"45,512","1,095","46,089","1,026","41,821",917,"38,742","1,108","39,225","1,143","36,426",994,"35,284",685,"32,662",682,"32,267",761,"32,117",689,"29,937",663,"30,775",790,"29,472",607,"27,702",724,"26,605",648,"24,242",838,"22,965",635
Minnesota,"81,426","2,988","71,817","3,656","69,975","4,649","71,920","2,991","70,218","4,045","68,730","3,063","67,244","3,207","64,324","3,992","60,907","1,843","61,795","1,339","57,820","2,380","52,321","1,606","56,090","1,237","54,925","1,427","58,058","1,888","56,211","1,218","54,215","1,244","56,104","1,070","52,823","1,228","54,622","1,196","52,681","1,134","54,251","1,703","47,038","1,527","47,926","2,115","42,564","1,510","40,991","1,225","37,933","1,848","33,644","1,360","33,682","1,212","30,981","1,297","29,479","1,146","31,465","1,028","30,185","1,278","29,087","1,041","28,082","1,113","26,443","1,150","23,856","1,022","24,436",914
Mississippi,"44,787","2,997","42,781","2,304","43,281","1,795","43,441","2,204","41,099","1,226","40,037","1,071","35,521","1,294","32,338","2,730","40,850","2,144","36,641","1,546","41,090","2,366","38,160","2,830","35,078","1,304","36,446",830,"37,279",951,"34,733","1,583","32,875","1,292","34,755","1,132","32,728","1,113","30,882",766,"30,161","1,186","34,299","1,354","32,478","1,408","29,120","1,158","28,499","1,386","26,677","1,316","26,538","1,028","25,400",752,"22,191","1,229","20,570","1,074","19,475","1,053","20,178",802,"19,917",947,"18,166",888,"18,513",901,"16,513",639,"16,413",619,"15,430",732
Missouri,"60,597","2,932","61,726","2,442","56,530","2,333","56,885","2,611","55,016","1,719","59,196","2,607","56,630","3,030","46,303","4,134","50,311","3,698","49,764","2,042","45,774","2,157","45,817","2,157","48,769","1,595","46,038","1,146","46,005","1,104","44,579","1,402","42,986",989,"42,137","1,073","43,762",875,"42,776","1,074","41,339","1,204","45,097","1,187","41,383","1,191","40,201","1,868","36,553","2,060","34,265","1,513","34,825","1,373","30,190","1,442","28,682","1,466","27,361","1,451","27,926","1,415","27,332","1,394","26,497",746,"23,443","1,088","23,720","1,167","21,925",772,"21,939",608,"20,775",715
Montana,"60,195","2,294","57,679","2,876","57,407","2,223","59,087","2,589","57,075","2,880","51,395","2,937","51,102","1,778","43,201","5,946","44,132","3,252","45,088","2,565","40,277","2,036","41,280","1,847","40,437","1,002","42,900","1,764","43,655","1,699","41,105",697,"37,313","1,161","33,956",709,"34,108","1,067","34,835","1,212","32,126",737,"32,777","1,001","31,038",966,"31,577","1,133","29,212","1,145","28,684","1,566","27,757","1,105","27,631","1,246","26,470",965,"26,525",728,"24,827",890,"23,375",983,"23,692","1,311","22,231",829,"20,474",799,"20,328",749,"20,236",800,"19,536",720
Nebraska,"73,071","3,259","67,575","3,933","59,583","2,790","59,619","2,848","59,374","2,678","60,474","2,937","56,870","2,254","57,623","4,217","53,774","1,815","52,196","2,699","55,616","2,693","52,504","1,761","49,595","1,657","50,728","1,254","49,174","1,379","48,145","1,490","47,923","1,447","43,786","1,332","43,974","1,306","42,796","1,038","43,611","1,116","41,750","1,018","38,626","1,366","36,413","1,549","34,692","1,528","34,014","1,500","32,929","1,155","31,794","1,116","31,008",833,"30,048","1,071","29,549","1,007","27,482","1,128","26,319","1,521","25,159",960,"23,268",761,"21,772",814,"21,799",914,"21,397",765
Nevada,"70,906","3,465","61,864","2,116","58,041","2,952","56,550","3,039","55,431","2,137","52,008","2,272","49,875","1,836","51,846","3,178","45,369","2,830","47,333","2,533","47,043","2,669","51,200","1,922","51,434","1,097","54,744","2,658","54,058","1,294","52,282","1,252","48,209","1,680","47,204","1,382","45,184","1,554","44,958","1,161","45,403","1,130","45,758","1,011","41,461","1,764","39,756","1,225","38,854","1,576","38,540","1,615","36,084","1,314","35,871","1,534","35,814","1,078","31,908",796,"32,937","1,564","32,023","1,179","29,340",948,"27,983",956,"26,878","1,128","26,217",895,"23,274","1,005","25,776","1,018"
New Hampshire,"86,900","2,721","81,346","3,394","75,630","3,941","74,801","3,041","76,260","2,913","75,675","3,519","73,397","3,253","69,099","3,967","71,322","3,261","67,819","2,224","65,880","1,652","66,633","1,651","64,131","1,856","66,176","3,204","67,576","1,846","61,970","1,479","56,984","2,026","56,815","1,324","55,567","1,304","55,321","1,289","51,331",719,"50,926","1,243","46,055","1,952","44,958","1,866","40,998","1,604","39,407","1,734","39,171","1,556","35,245","1,837","37,964","1,620","39,436","1,922","36,032","1,339","40,805","1,313","37,532","1,371","34,625","1,129","32,338","1,450","30,548",829,"26,403","1,074","25,914",735
New Jersey,"87,726","4,069","74,176","2,845","71,240","4,129","72,997","2,999","68,468","2,867","68,357","3,132","65,243","2,693","63,754","4,464","61,782","3,058","66,692","1,960","62,338","3,028","62,968","2,443","64,777","1,919","65,306","2,297","60,508","1,458","68,059","1,979","63,368","2,257","55,275","1,283","56,045","1,023","54,568","1,605","51,771",933,"50,405",991,"49,734","1,405","49,826","1,436","48,021","1,424","47,468","1,217","43,924","1,400","42,280","1,064","40,500",986,"39,000",841,"40,049","1,033","38,734",864,"39,120",948,"36,287",658,"34,241",794,"31,715",842,"30,980",643,"27,776",800
New Mexico,"53,113","2,196","48,283","2,202","45,601","1,826","47,855","1,969","48,451","2,961","45,119","2,885","46,686","3,312","40,166","4,408","42,127","2,670","43,424","2,267","41,982","2,154","45,134","3,016","43,542","1,494","42,102","1,381","44,356","1,474","40,028","1,257","38,947","1,700","39,562","1,584","35,105","1,142","35,457","1,061","33,124","1,238","35,093","1,248","32,574","1,746","31,543","1,398","30,086","1,157","25,086","1,091","25,991","1,100","26,905","1,382","26,758",853,"25,860","1,347","26,540","1,195","25,039","1,048","22,602","1,029","19,296",833,"20,758",621,"19,845",693,"20,423","1,025","20,630","1,029"
New York,"71,855","1,699","67,274","1,722","61,543","1,722","62,447","2,093","61,437","1,405","58,005","2,205","54,310","1,781","49,966","2,267","53,843","1,642","47,680","1,585","50,636","1,006","49,781","1,320","50,216",599,"50,461",682,"48,944",918,"48,222",989,"47,176",827,"44,649",792,"42,788",872,"41,966",580,"42,114",600,"40,744",581,"39,989",879,"37,394",777,"35,798",634,"35,410",746,"33,028",716,"31,899",477,"31,697",556,"31,051",529,"31,794",538,"31,591",511,"31,496",453,"28,915",668,"26,384",456,"25,025",474,"23,639",523,"22,027",417
North Carolina,"61,159","1,649","53,369","1,761","49,547","2,217","50,343","1,760","53,764","1,629","50,797","1,343","46,784","1,710","46,337","2,974","41,208","2,058","41,553","1,294","45,206","1,560","43,830","1,923","41,906",576,"42,930",846,"43,513","1,072","39,797",815,"42,056",964,"40,238",812,"37,279",941,"36,515",716,"38,162",951,"38,317",806,"37,254",960,"35,838","1,022","35,840",917,"35,601","1,008","31,979",888,"30,114",670,"28,820",653,"27,771",616,"26,853",510,"26,329",556,"26,406",517,"24,415",536,"22,760",542,"21,861",698,"21,451",585,"20,569",641
North Dakota,"70,031","3,170","66,505","3,095","60,167","2,102","59,886","1,676","60,184","2,290","57,415","3,233","60,730","3,138","59,152","3,451","52,888","2,863","55,766","2,123","56,361","2,960","51,006","2,311","50,075","1,738","49,631","1,188","47,205","1,280","41,047","1,405","42,192","1,221","39,220","1,251","40,410",852,"36,200",824,"35,793",804,"35,996","1,065","32,663","1,383","30,304","1,179","31,661","1,361","31,470","1,184","29,089","1,217","28,278","1,115","28,118",835,"26,959",901,"25,892",932,"25,264","1,003","25,229",903,"24,092","1,009","22,576",905,"21,508",785,"21,205",809,"20,771","1,038"
Ohio,"64,663","3,011","61,633","2,254","60,688","1,892","59,768","1,890","53,985","1,894","53,301","1,957","49,644","1,393","50,748","2,448","46,398","1,386","44,375","1,723","44,648","1,200","45,886","1,493","45,879",626,"46,934",848,"49,099","1,085","45,900",633,"44,203","1,046","43,055",977,"43,520",930,"42,684",777,"41,785",661,"42,962",732,"39,489",989,"38,925","1,576","36,134",894,"34,070","1,063","34,941",988,"31,855",584,"31,285",658,"31,404",587,"29,790",759,"30,013",720,"29,021",655,"27,740",636,"25,773",555,"25,115",588,"25,174",564,"23,123",492
Oklahoma,"59,397","2,357","54,434","2,774","51,882","3,109","55,006","3,102","50,943","1,652","47,077","1,937","47,199","2,775","46,162","3,442","43,777","4,085","48,407","2,821","48,455","2,395","43,103","2,073","45,878","1,139","46,111",931,"43,216","1,453","38,838","1,597","37,645","1,449","39,614","1,122","35,902",781,"36,458",613,"35,609",690,"32,432",709,"32,683","1,491","33,727","1,232","31,351","1,025","27,437","1,089","26,311",880,"26,991","1,213","26,260","1,492","25,284","1,075","25,462","1,079","24,384","1,044","23,667","1,236","23,667",756,"21,691",884,"20,948",871,"21,205",764,"21,148",718
Oregon,"74,413","5,675","69,165","3,655","62,498","2,542","64,610","2,856","59,135","2,622","60,834","2,374","58,875","2,998","48,999","2,887","56,307","2,022","51,775","2,330","51,526","1,607","50,602","1,505","49,098","1,644","51,727","1,374","50,236","1,357","47,091","1,396","44,159","1,391","40,994","1,051","41,638",965,"41,802",855,"41,273",752,"42,499",936,"40,619","1,252","39,067","1,927","37,247","1,788","35,492","1,274","36,374",970,"31,456","1,128","33,138","1,160","31,927","2,039","30,190","1,087","29,281",966,"28,529","1,435","27,748","1,150","25,038","1,092","24,773","1,002","21,894","1,042","21,399",745
Pennsylvania,"70,582","3,226","64,524","1,635","61,285","1,846","63,173","2,753","60,979","2,036","60,389","2,227","55,173","2,266","55,156","2,936","53,952","1,606","51,904","1,405","49,910","1,694","48,314","1,508","48,172",937,"51,402",589,"48,437",932,"48,477",869,"46,300",745,"44,106","1,039","42,933",778,"42,498",795,"43,499",723,"42,176",704,"37,758","1,141","39,015","1,080","37,517",964,"34,899",974,"34,524",683,"32,066",654,"30,995",694,"29,882",667,"30,367",614,"29,005",688,"28,690",684,"26,742",497,"25,424",541,"23,807",495,"22,877",538,"20,346",499
Rhode Island,"70,151","4,980","62,266","3,348","65,401","4,044","66,390","4,209","61,528","2,828","55,701","3,247","58,633","4,001","56,323","3,852","57,812","2,135","56,065","2,561","49,033","2,283","51,623","1,730","51,634","1,446","53,241","2,399","54,210","1,849","53,736","1,823","49,484","1,456","47,935","1,972","44,711","1,249","42,417",875,"45,723","1,147","42,197","1,018","42,719","1,980","40,686","2,657","34,797","2,235","36,986","1,036","35,359","1,373","31,928","1,321","33,509","1,547","30,432","1,433","30,836","1,091","31,968","1,175","30,124","1,354","29,842","1,584","28,292","1,440","26,540","1,060","24,625",900,"21,612",848
South Carolina,"62,028","1,783","57,444","2,082","54,537","2,133","54,971","2,078","54,336","3,153","46,360","2,266","44,929","2,244","43,563","2,388","43,749","2,970","44,401","2,157","40,084","1,702","41,698","1,460","41,101","1,113","42,155","1,121","44,213","1,553","39,617","1,347","40,230","1,204","38,691","1,021","38,479","1,121","37,812","1,224","37,736","1,023","37,570",937,"36,462","1,728","33,267","1,310","34,262","1,609","34,665","1,405","29,071","1,400","29,846","1,139","26,053",960,"27,578","1,434","27,463","1,137","28,735","1,383","23,798","1,059","25,533","1,150","25,049","1,136","21,968",864,"20,036",862,"20,309",934
South Dakota,"64,255","3,776","59,463","2,642","56,914","3,986","56,894","3,633","57,450","3,075","55,065","2,604","53,053","3,542","53,413","2,917","54,453","3,030","49,415","1,705","47,223","2,147","45,352","2,045","45,826","1,289","51,600",995,"46,418",900,"45,427","1,641","43,151","1,369","41,107",995,"39,522","1,004","37,873",953,"39,671",856,"36,475",687,"35,828",944,"32,786","1,013","29,694","1,145","29,526","1,003","29,578","1,610","29,733","1,185","27,737","1,040","26,259",669,"24,639",780,"24,571",858,"24,108",999,"22,294",703,"21,151",597,"19,898",664,"18,142",702,"19,409",928
Tennessee,"56,627","2,766","56,060","1,442","55,306","2,131","55,240","2,162","51,344","1,387","47,330","1,708","43,716","2,326","43,361","3,435","42,499","2,934","42,995","2,407","42,279","2,556","38,591","1,257","40,517",988,"39,702","1,211","41,195","1,116","40,693",755,"39,406","1,191","38,072","1,057","37,523","1,181","37,030","1,111","35,783",791,"34,096",930,"36,522","1,310","34,091","1,307","30,636","1,358","30,790","1,087","29,015","1,268","28,639","1,028","25,102",831,"24,318",913,"24,453",915,"22,592",869,"22,611","1,305","20,856","1,017","21,179",795,"18,256",884,"17,778",557,"16,782",576
Texas,"67,444","1,769","59,785","1,372","60,092","1,326","59,295","1,702","58,146","1,407","56,473","1,289","53,875","1,344","51,406","1,360","53,027","1,613","51,926",950,"49,047","1,153","47,266","1,159","47,475",743,"46,490",674,"46,053",700,"43,307",828,"41,422",420,"41,397",549,"39,271",762,"40,149",563,"40,860",512,"38,609",785,"38,688","1,020","35,783",662,"35,075",880,"33,072",763,"32,039",634,"30,755",655,"28,727",613,"27,953",634,"27,733",626,"28,228",716,"25,886",559,"24,963",582,"24,721",637,"24,162",514,"23,743",546,"23,024",533
Utah,"84,523","3,494","77,067","2,327","69,789","2,164","71,319","2,250","67,481","2,237","66,258","2,462","63,383","3,231","61,047","1,553","62,967","4,137","58,341","2,944","55,493","1,659","56,701","1,962","58,491","1,588","62,537","1,526","53,529","1,218","54,628","1,671","54,813","1,303","50,871",927,"49,275",902,"47,861","1,146","47,342","1,601","47,550","1,041","46,050","1,615","44,299","1,375","42,775","1,785","37,038","1,330","36,480",919,"35,716","1,041","35,786","1,242","34,251","1,145","28,016","1,359","30,142","1,018","30,717","1,014","26,313",909,"26,529","1,194","26,281",810,"25,238",702,"23,057",735
Vermont,"74,305","3,084","70,066","2,350","63,682","3,308","63,805","3,133","60,837","1,364","59,494","2,622","60,708","3,098","65,513","4,013","54,842","2,981","55,582","3,030","51,862","2,007","55,928","2,247","52,318","1,438","50,706",982,"47,390","1,398","51,981","1,266","50,704","1,309","47,329","1,270","43,261",977,"42,999",830,"40,794",944,"39,594",921,"41,584","1,407","39,372","1,591","35,053","1,727","32,358","1,250","33,824","1,242","35,802","1,906","31,065",956,"32,755","1,333","29,155","1,222","31,098","1,331","31,295","1,136","28,988","1,077","25,415","1,374","24,599","1,003","26,000",942,"22,578",983
Virginia,"81,313","3,056","77,151","3,086","70,811","3,805","71,293","3,276","66,451","2,436","61,486","2,439","66,155","2,946","65,907","2,740","67,620","2,542","64,632","2,166","62,616","1,773","60,367","1,965","60,501","1,193","61,985","1,447","59,161","1,365","57,119","1,592","51,914","1,185","51,141","1,116","54,783","1,563","49,631","1,290","50,241","1,148","47,163","1,065","45,693","1,770","43,354","2,195","42,957","1,897","39,211","1,459","36,222","1,391","37,647","1,531","36,433","1,387","38,198","1,359","36,137","1,336","35,073","1,048","34,118","1,205","32,648","1,319","29,996","1,013","29,715","1,074","28,429","1,324","26,525",874
Washington,"82,454","2,920","79,726","3,025","71,540","2,124","75,418","3,307","70,310","2,092","67,243","3,253","59,068","2,195","63,922","3,386","60,106","2,198","62,187","2,249","56,850","1,983","56,163","2,060","60,392","1,199","56,631","2,021","58,080","1,736","54,723","1,244","50,646","1,045","49,922","1,068","47,508","1,395","45,183",964,"42,490","1,264","42,525","1,211","45,473","2,080","47,421","1,379","44,562","1,715","36,676","1,608","35,568","1,252","33,533","1,190","35,655","1,111","33,900","1,247","33,970","1,185","32,112","1,239","31,961","1,472","32,327","1,030","27,319","1,108","26,881",950,"24,000",756,"25,017",823
West Virginia,"53,706","2,995","50,573","1,337","46,957","1,277","45,392","1,485","44,354","1,994","42,824","3,132","39,552","2,195","43,069","3,454","40,241","2,690","43,553","2,774","41,821","1,766","42,777","2,518","40,490",913,"37,994","1,404","42,091",989,"38,419","1,214","36,445","1,076","33,373","1,173","32,763",993,"29,359",699,"29,673",674,"29,411",645,"29,297","1,149","26,704",780,"27,488","1,315","25,247","1,301","24,880",870,"23,564","1,217","22,421",981,"20,271",892,"23,147",918,"22,137","1,142","21,677",843,"19,353",930,"17,207",778,"16,464",905,"15,983",828,"16,843",608
Wisconsin,"67,355","2,323","62,629","2,039","63,482","2,908","63,451","3,673","59,817","1,845","55,425","1,487","58,080","2,154","51,726","2,629","55,258","2,338","53,079","1,709","52,058","2,067","50,351","1,435","51,237",806,"51,200",852,"51,277","1,040","51,692","1,146","44,650","1,178","45,732","1,337","46,269",978,"45,903",946,"45,346","1,123","45,088",952,"45,667","1,878","41,327","1,271","39,595","1,150","40,001","1,780","40,955","1,318","35,388","1,272","31,766","1,340","33,308","1,097","31,133","1,018","30,711",897,"29,123","1,240","29,575",978,"26,369","1,410","26,430",803,"23,246","1,161","20,743",821
Wyoming,"65,134","3,773","62,539","3,892","59,536","3,184","57,837","3,134","57,829","3,122","60,925","2,024","55,690","2,019","67,441","3,988","55,700","3,168","57,512","2,820","54,509","2,277","52,201","2,181","52,470","2,131","53,337","1,577","48,744","1,363","47,041","1,503","44,718","1,508","45,397","1,146","42,555","1,000","39,763",976,"39,719","1,166","39,629","1,056","37,248","1,285","35,250","1,316","33,423","1,441","30,953",858,"31,529","1,136","33,140","1,848","29,442","1,167","30,209","1,420","29,050","1,382","29,460",991,"29,521","1,289","26,419","1,095","27,590","1,458","23,559",863,"22,081","1,049","23,816",731
2019 Dollars,,,,,,,,,,,,,,,,,,,,,,,,,,,,,,,,,,,,,,,,,,,,,,,,,,,,,,,,,,,,,,,,,,,,,,,,,,,,
State,2019,,2018,,2017 (40),,2017,,2016,,2015,,2014,,2013 (39),,2013 (38),,2012,,2011,,2010 (37),,2009 (36),,2008,,2007,,2006,,2005,,2004 (revised),,2003,,2002,,2001,,2000 (30),,1999 (29),,1998,,1997,,1996,,1995 (25),,1994 (24),,1993 (23),,1992 (22),,1991,,1990,,1989,,1988,,1987 (21),,1986,,1985 (20),,1984 (19),
,Median income,Standard error,Median income,Standard error,Median income,Standard error,Median income,Standard error,Median income,Standard error,Median income,Standard error,Median income,Standard error,Median income,Standard error,Median income,Standard error,Median income,Standard error,Median income,Standard error,Median income,Standard error,Median income,Standard error,Median income,Standard error,Median income,Standard error,Median income,Standard error,Median income,Standard error,Median income,Standard error,Median income,Standard error,Median income,Standard error,Median income,Standard error,Median income,Standard error,Median income,Standard error,Median income,Standard error,Median income,Standard error,Median income,Standard error,Median income,Standard error,Median income,Standard error,Median income,Standard error,Median income,Standard error,Median income,Standard error,Median income,Standard error,Median income,Standard error,Median income,Standard error,Median income,Standard error,Median income,Standard error,Median income,Standard error,Median income,Standard error
United States,"68,703",550,"64,324",428,"63,761",336,"64,007",349,"62,898",464,"60,987",346,"58,001",424,"58,904",719,"57,095",303,"56,912",233,"57,021",286,"57,904",382,"59,458",254,"59,877",163,"62,090",173,"61,268",263,"60,794",203,"60,150",266,"60,360",262,"60,435",198,"61,126",187,"62,512",197,"62,641",292,"61,128",362,"58,961",272,"57,772",291,"56,945",329,"55,215",252,"54,581",255,"54,874",260,"55,302",264,"56,966",291,"57,705",317,"56,725",290,"56,261",274,"55,597",288,"53,664",291,"52,679",240
Alabama,"56,200","2,512","50,841","2,467","53,049","1,141","53,308",881,"50,308","2,451","48,030","3,689","45,701","1,653","52,017","6,058","45,489","2,545","48,487","2,821","48,518","2,302","48,100","2,816","47,755","1,080","52,941","1,975","52,176","1,755","48,241","1,289","48,752","1,594","49,697","1,768","51,912","2,202","53,586","1,513","50,895","1,456","52,737","1,596","55,799","1,830","57,011","2,055","50,889","2,560","49,324","2,048","43,434","2,116","46,542","2,668","43,821","1,901","46,226","1,895","44,692","1,961","44,436","1,973","42,489","2,136","41,563","1,900","42,602","2,476","42,724","1,976","41,656","1,727","40,682","1,422"
Alaska,"78,394","6,685","69,979","3,451","81,335","3,878","75,332","2,836","80,673","4,353","81,054","3,761","73,105","3,408","79,666","5,987","67,206","3,629","71,003","3,167","65,424","4,226","67,977","2,808","73,585","2,092","76,168","2,740","77,862","1,957","71,713","1,900","73,346","1,747","74,707","2,810","72,230","1,367","75,206","1,529","83,034","2,912","78,675","1,725","79,111","3,426","79,689","3,339","76,469","2,004","85,911","3,104","80,136","3,356","77,639","2,557","75,005","2,870","74,874","2,071","74,551","3,345","74,764","3,095","71,878","2,751","68,972","2,465","71,744","3,232","70,021","2,271","79,031","2,474","76,043","3,462"
Arizona,"70,674","3,391","63,411","2,333","62,263","2,804","63,749","2,755","60,832","2,100","56,381","2,167","53,242","2,491","57,834","4,798","55,625","5,311","52,480","3,260","55,388","2,761","55,107","2,617","54,634","1,482","55,843","1,339","58,360","1,922","59,306","1,584","59,375","1,668","59,488","1,551","57,361","1,981","56,623","1,429","61,815","2,086","59,226","1,801","56,944","1,744","58,306","1,973","52,165","2,067","51,497","2,074","51,575","2,273","53,554","1,323","53,304","1,957","52,585","1,949","56,424","1,647","55,598","2,171","56,998","2,416","55,079","1,756","57,747","1,926","56,944","1,603","54,253","1,691","50,353","1,431"
Arkansas,"54,539","2,384","50,683","2,146","51,887","2,598","50,926","2,755","48,908","2,307","46,184","1,696","48,559","2,752","43,285","2,640","43,882","2,626","43,527","3,137","47,051","2,106","45,343","2,895","43,644","1,086","47,120","1,421","50,425","1,666","47,103",975,"48,106","1,718","47,465","1,349","44,592","1,081","46,153","1,109","48,259","1,656","44,211","1,149","45,688","1,579","43,490","1,824","41,684","1,839","44,150","1,592","43,138","1,669","43,751","1,616","40,251","1,480","42,776","2,504","43,019","1,437","43,350","1,866","42,786","1,827","42,030","1,471","40,644","2,176","41,826","1,708","39,652","1,736","36,837","1,758"
California,"78,105","1,850","71,766","1,255","73,045","1,644","72,754","1,514","70,993","1,145","68,670","1,846","65,384",966,"66,829","1,991","63,239","1,344","63,609","1,381","60,795","1,570","63,788","1,389","67,051",739,"67,865",987,"68,890",764,"70,316",883,"67,918",604,"66,782",895,"68,695","1,141","67,600","1,092","68,413","1,052","69,696","1,021","67,156","1,082","64,349",907,"63,245","1,377","63,176","1,332","61,846","1,208","60,464","1,059","59,529","1,137","62,517","1,127","61,797","1,257","63,333","1,075","65,895","1,234","63,105","1,321","65,080","1,161","64,782","1,273","61,306",795,"59,429",855
Colorado,"72,499","5,221","74,357","3,627","78,204","2,775","77,357","3,110","75,179","4,395","71,864","3,973","65,874","2,609","74,654","4,539","69,662","3,078","63,871","3,021","66,789","2,908","70,779","2,915","66,807","1,905","72,542","2,259","75,573","1,253","70,796","1,937","66,204","1,689","69,040","2,157","69,587","1,614","68,822","2,086","71,503","1,723","71,816","1,842","74,156","2,283","73,255","1,707","68,884","3,097","66,657","2,163","68,024","2,594","64,746","2,475","60,254","2,741","58,184","2,635","57,822","2,285","58,469","1,724","53,513","2,791","54,619","2,677","57,157","2,321","60,722","2,068","64,035","1,931","60,637","1,892"
Connecticut,"87,291","4,630","74,131","5,212","77,494","3,601","75,905","3,660","80,886","3,627","78,655","4,801","75,842","2,881","76,170","3,559","74,510","2,800","71,671","3,183","74,520","3,433","77,554","2,462","77,463","2,757","76,993","3,215","79,281","2,533","79,322","2,748","74,585","2,143","74,757","2,236","76,589","2,175","76,080","1,952","77,221","1,795","74,693","2,020","77,875","3,534","73,112","4,288","70,082","3,169","68,559","5,025","67,250","3,792","70,332","2,730","69,038","2,900","73,152","3,532","77,382","3,569","73,949","3,989","84,485","3,178","75,452","2,694","70,943","2,940","73,069","3,584","70,642","2,565","70,390","2,910"
Delaware,"74,194","3,009","66,190","3,664","67,750","5,455","64,994","3,442","61,840","3,188","62,325","3,660","62,179","3,210","59,461","4,782","57,403","2,733","54,631","2,204","62,268","1,988","64,882","2,650","62,249","2,127","60,352","1,652","67,475","2,669","66,654","2,199","67,236","1,412","65,191","1,928","68,304","1,920","70,754","2,401","71,800","2,125","74,980","2,245","71,772","3,511","65,173","2,756","68,565","3,285","63,985","2,282","58,368","3,088","61,392","2,038","63,007","1,483","63,905","2,495","59,816","2,039","58,604","2,117","64,017","2,262","63,559","2,432","63,133","1,889","57,225","2,707","52,215","3,104","60,679","2,414"
District of Columbia,"93,111","3,884","87,304","2,707","84,772","1,985","86,962","3,462","75,622","2,913","75,614","3,087","73,805","4,758","66,019","6,078","66,698","3,388","72,786","4,095","62,941","2,403","66,896","3,917","63,476","2,494","66,170","2,099","62,770","1,356","61,619","2,134","59,044","2,844","58,952","2,529","62,765","1,976","55,677","1,418","59,593","1,481","61,368","1,596","59,523","2,461","52,558","2,061","50,763","1,568","52,033","2,569","51,383","1,975","51,539","1,894","47,703","3,015","54,177","2,013","54,860","3,493","52,113","2,972","53,405","2,026","55,717","1,559","59,271","2,774","54,313","2,796","47,888","1,718","47,963","2,021"
Florida,"58,368","1,579","55,634","1,921","55,365","1,500","55,986","1,894","54,521",890,"52,687","1,505","49,876","1,027","53,350","3,094","52,640","1,729","51,395","1,238","51,383","1,296","51,782","1,814","54,505",843,"53,394","1,021","56,604",705,"58,059",800,"56,416","1,063","54,996",857,"54,304","1,058","54,186","1,180","52,720",604,"57,846","1,106","55,153",965,"54,878","1,206","51,711",929,"49,876",835,"49,707","1,023","50,133","1,082","49,880","1,235","48,986",942,"50,026",872,"50,768",864,"52,073",948,"52,935",990,"52,868","1,028","51,024","1,206","48,495",993,"46,498","1,100"
Georgia,"56,628","1,782","56,832","2,069","60,475","2,386","59,464","2,539","57,026","1,789","54,784","1,512","53,567","2,172","51,657","4,657","52,148","2,153","53,682","1,678","52,372","2,829","51,842","2,141","51,769","1,500","55,025","1,386","60,123","1,332","62,721","1,538","60,269","1,100","55,605",838,"59,134","1,364","61,191","1,578","61,630","1,553","62,379","1,237","60,685","2,086","60,782","1,853","58,416","1,459","52,896","2,712","56,983","1,499","53,851","2,119","55,318","2,191","51,580","2,200","49,953","1,997","52,434","2,256","54,982","2,038","55,352","1,867","57,671","2,979","54,421","2,483","47,827","1,790","46,966","1,915"
Hawaii,"88,006","3,565","81,559","3,545","76,759","2,453","76,734","2,323","76,848","2,674","69,617","3,065","76,990","2,893","70,612","4,307","67,504","2,426","62,765","2,516","67,265","2,883","69,964","3,209","66,472","2,416","73,230","1,763","79,134","2,627","76,863","1,997","78,195","1,591","76,307","2,293","72,226","1,856","67,409","1,954","68,669","1,818","76,738","1,776","68,503","2,820","64,181","3,724","65,221","2,229","67,995","3,081","71,609","2,159","72,314","4,147","74,535","3,073","75,431","2,570","68,372","2,992","74,046","2,690","69,940","2,651","68,808","3,088","75,607","2,319","64,766","2,693","65,805","3,286","67,866","2,858"
Idaho,"65,988","2,152","59,792","2,449","62,052","2,356","62,793","2,503","60,261","1,343","55,708","1,360","57,765","2,780","53,278","6,028","56,906","4,019","53,460","3,540","54,064","3,973","55,288","2,196","55,875","1,510","56,445","2,001","60,794","1,596","58,741","1,668","57,972","1,646","60,183","1,882","59,042","1,368","53,746","1,597","55,355","1,398","55,993","1,775","55,105","2,175","57,662","1,714","53,223","2,133","56,498","2,183","54,605","1,865","53,970","2,187","54,178","2,311","49,622","1,565","47,941","1,889","48,142","1,855","49,216","1,902","48,860","2,092","44,807","1,800","46,335","1,519","47,173","1,359","49,570","2,263"
Illinois,"74,399","2,625","71,416","2,294","68,801","1,739","67,383","2,085","65,398","1,876","65,192","2,157","59,362","1,757","59,291","3,613","62,874","1,917","57,717","1,481","57,685","1,565","59,610","1,732","63,152","1,124","63,390","1,577","64,900","1,174","61,866","1,483","63,513","1,294","62,515","1,117","62,917","1,494","60,864","1,220","66,833","1,272","68,577","1,438","71,313","1,582","67,877","1,940","65,777","1,246","64,384","1,802","63,621","1,462","60,036","1,367","57,404","1,415","56,513","1,347","58,529","1,311","61,910","1,377","62,484","1,244","61,515","1,571","58,470","1,157","59,202","1,416","56,509","1,188","55,822","1,333"
Indiana,"66,693","3,112","60,977","2,033","61,290","1,726","61,401","2,113","59,761","3,065","56,095","1,815","51,951","2,100","54,364","4,956","55,571","3,540","51,492","1,993","50,631","2,630","54,218","3,024","52,921","1,296","55,374","1,411","58,654","1,551","57,717","1,571","55,690","1,444","57,430","1,562","59,116","1,336","58,494","1,066","58,449","1,372","60,837","1,011","62,860","2,646","62,458","2,498","61,962","1,885","57,211","2,113","55,790","2,413","47,675","1,766","51,496","2,378","51,102","2,355","49,727","1,693","51,230","2,091","51,700","2,040","54,783","1,940","48,615","2,038","50,754","1,583","51,522","1,422","53,514","1,669"
Iowa,"66,054","4,009","69,963","2,963","66,192","4,964","66,207","5,749","62,957","2,646","65,669","3,534","62,491","3,702","66,128","6,743","60,300","2,162","59,618","2,385","57,209","2,249","57,598","1,577","60,585","1,834","59,685","1,539","60,453","1,794","61,173","1,895","61,022","1,757","58,871","2,064","57,665","1,232","58,497","1,642","59,314","1,640","61,025","1,207","63,260","1,739","58,195","1,890","53,827","2,043","54,056","2,486","59,356","1,574","56,610","2,191","50,077","2,166","51,483","1,741","52,414","1,858","51,915","1,876","52,433","1,581","50,641","2,246","47,904","1,969","50,153","1,675","47,550","1,372","46,682","1,751"
Kansas,"73,151","4,329","65,096","2,064","59,343","2,020","60,357","3,022","60,523","3,482","59,205","4,026","57,771","3,095","52,567","4,942","56,596","1,647","55,781","2,021","52,570","2,221","54,118","2,134","53,414","2,136","56,989","1,678","59,945","2,231","57,901","1,591","55,152","1,293","55,717","2,373","61,633","1,848","60,734","1,492","59,949","1,614","61,126","1,739","57,488","3,199","57,711","2,542","58,110","2,572","53,040","2,377","50,703","1,539","48,469","1,821","52,011","1,999","54,354","2,037","53,777","1,715","56,916","2,243","53,624","1,813","53,268","2,402","55,229","1,943","53,429","1,746","51,778","2,347","57,883","2,143"
Kentucky,"55,662","2,553","55,543","3,734","51,805","1,966","53,553","1,423","48,335","2,136","45,740","2,448","46,250","1,708","49,334","4,314","46,343","2,060","45,834","2,120","45,403","2,104","48,301","3,317","50,961","1,568","48,980",967,"48,765","1,497","50,189","1,336","48,160","1,178","48,314","1,653","51,467","1,194","52,388","1,245","55,638","1,461","53,989","1,262","51,931","2,284","56,989","2,375","53,300","2,643","52,760","2,342","49,816","1,920","45,514","1,759","42,587","1,906","42,065","2,255","43,623","1,920","47,143","2,308","46,480","2,408","41,478","1,669","44,629","2,027","44,381","2,246","39,447","1,700","41,551","2,536"
Louisiana,"51,707","1,412","50,878","1,786","45,436","2,178","45,788","1,515","44,954","1,275","49,555","2,309","45,839","2,013","51,034","2,795","43,555","3,141","43,601","1,797","46,317","2,197","46,181","3,817","54,269","2,166","47,093","1,769","51,065","1,158","46,380","1,811","48,865","1,702","49,425","1,686","46,689","1,537","48,463","1,793","48,234","1,730","45,731","1,233","50,263","1,915","49,888","2,610","52,994","2,471","49,259","2,100","46,706","1,822","43,941","2,569","45,970","2,034","45,565","2,045","46,441","2,122","42,625","3,006","45,637","3,707","42,707","3,071","46,089","1,852","46,649","2,135","48,122","1,654","44,534","2,068"
Maine,"66,546","5,002","59,726","5,786","55,605","3,255","53,882","2,238","54,180","3,565","54,771","2,082","55,897","2,347","60,413","4,246","55,097","2,147","54,838","2,507","56,609","2,259","56,323","1,982","56,740","2,077","56,217","1,709","59,199","1,728","58,016","2,284","57,640","1,881","56,073","1,659","51,714","1,317","52,518","1,206","52,997","1,378","55,479","1,270","59,818","2,030","56,027","1,649","52,216","2,073","56,477","1,971","56,580","1,818","51,882","2,630","47,937","2,102","53,049","1,838","51,157","2,300","52,250","2,991","56,337","2,773","55,010","1,963","50,948","2,200","52,308","2,166","46,623","1,825","48,527","2,078"
Maryland,"95,572","3,284","87,785","3,391","85,618","3,799","84,565","3,809","78,581","2,760","79,416","2,905","82,332","4,618","76,238","3,265","71,741","4,821","80,137","2,065","78,462","2,421","75,442","2,699","76,669","2,000","75,837","2,106","81,122","2,053","80,928","2,035","79,410","1,938","77,475","2,296","72,895","1,704","80,383","2,183","77,486","2,391","81,188","2,084","80,356","3,413","78,626","3,397","74,384","2,352","71,610","4,175","68,584","2,719","67,082","2,396","69,777","2,240","66,636","2,912","67,832","2,601","73,925","3,036","71,898","2,370","76,158","2,492","75,494","2,996","68,342","2,313","68,474","2,195","69,819","2,705"
Massachusetts,"87,707","2,828","87,909","2,835","79,517","2,497","76,371","3,471","76,990","3,101","73,229","3,011","68,264","2,878","68,736","5,829","69,213","3,799","71,012","4,209","72,125","3,675","71,603","2,577","70,920","2,089","71,800","1,993","72,263","2,758","70,330","2,643","73,511","2,302","70,577","2,262","71,001","1,328","71,046","1,643","75,637","2,197","69,603","2,020","67,735","3,114","66,567","3,083","66,956","2,204","64,287","3,145","64,461","2,465","69,310","1,814","64,755","1,658","65,124","1,322","65,560","1,450","68,959","1,575","72,038","1,405","69,201","1,748","69,603","1,546","67,750","1,641","64,091","1,840","63,359","1,629"
Michigan,"64,119","1,680","61,544","1,941","58,827","2,384","60,177","2,437","60,823","2,033","58,491","2,164","56,216","1,296","62,182","1,745","53,645","2,450","55,795","1,690","55,682","2,101","54,379","2,041","54,939","1,198","59,264","1,374","61,024",986,"61,835","1,228","60,278","1,201","57,331","1,164","62,734","1,324","60,871","1,589","65,206","1,256","67,755","1,630","70,942","1,579","65,744","1,442","61,728","1,765","63,849","1,861","60,872","1,661","60,384","1,172","57,064","1,192","57,795","1,363","58,957","1,265","56,954","1,261","61,436","1,577","61,407","1,265","59,804","1,563","59,412","1,447","55,082","1,904","53,972","1,492"
Minnesota,"81,426","2,988","73,118","3,722","72,979","4,849","75,008","3,119","74,808","4,309","74,167","3,305","72,688","3,467","70,709","4,388","66,953","2,026","68,936","1,494","65,868","2,711","61,482","1,887","66,998","1,478","65,379","1,699","71,762","2,334","71,450","1,548","71,147","1,633","76,119","1,452","73,604","1,711","77,839","1,704","76,257","1,641","80,765","2,535","72,403","2,350","75,341","3,325","67,818","2,406","66,723","1,994","63,390","3,088","57,577","2,327","58,846","2,117","55,492","2,323","54,114","2,104","59,861","1,956","60,258","2,551","60,605","2,169","60,624","2,403","59,050","2,568","54,205","2,322","57,429","2,148"
Mississippi,"44,787","2,997","43,556","2,346","45,139","1,872","45,306","2,299","43,785","1,306","43,204","1,156","38,397","1,399","35,548","3,001","44,905","2,357","40,875","1,725","46,809","2,695","44,842","3,326","41,900","1,558","43,383",988,"46,079","1,175","44,149","2,012","43,142","1,695","47,154","1,536","45,604","1,551","44,009","1,092","43,659","1,717","51,062","2,016","49,992","2,167","45,777","1,820","45,408","2,208","43,424","2,142","44,348","1,718","43,469","1,287","38,770","2,147","36,844","1,924","35,750","1,933","38,388","1,526","39,760","1,890","37,850","1,850","39,966","1,945","36,875","1,427","37,293","1,406","36,263","1,720"
Missouri,"60,597","2,932","62,844","2,486","58,957","2,433","59,327","2,723","58,612","1,831","63,879","2,813","61,215","3,275","50,900","4,544","55,305","4,065","55,515","2,278","52,145","2,457","53,839","2,535","58,254","1,905","54,800","1,364","56,864","1,365","56,664","1,782","56,411","1,298","57,170","1,456","60,979","1,219","60,958","1,531","59,839","1,743","67,137","1,767","63,699","1,833","63,197","2,937","58,240","3,282","55,775","2,463","58,196","2,294","51,666","2,468","50,110","2,561","49,008","2,599","51,263","2,598","51,998","2,652","52,896","1,489","48,845","2,267","51,207","2,519","48,961","1,724","49,849","1,381","48,825","1,680"
Montana,"60,195","2,294","58,724","2,928","59,872","2,318","61,624","2,700","60,806","3,068","55,461","3,169","55,239","1,922","47,490","6,536","48,513","3,575","50,298","2,861","45,883","2,319","48,508","2,170","48,301","1,197","51,065","2,100","53,960","2,100","52,249",886,"48,966","1,524","46,070",962,"47,527","1,487","49,642","1,727","46,503","1,067","48,796","1,490","47,775","1,487","49,640","1,781","46,544","1,824","46,691","2,549","46,385","1,847","47,287","2,132","46,246","1,686","47,510","1,304","45,575","1,634","44,470","1,870","47,296","2,617","46,320","1,727","44,200","1,725","45,394","1,673","45,980","1,818","45,913","1,692"
Nebraska,"73,071","3,259","68,799","4,004","62,141","2,910","62,179","2,970","63,255","2,853","65,258","3,169","61,474","2,436","63,343","4,636","59,112","1,995","58,228","3,011","63,357","3,068","61,697","2,069","59,240","1,979","60,383","1,493","60,781","1,705","61,197","1,894","62,890","1,899","59,407","1,807","61,274","1,820","60,987","1,479","63,128","1,615","62,155","1,516","59,455","2,103","57,242","2,435","55,275","2,435","55,366","2,442","55,028","1,930","54,411","1,910","54,174","1,455","53,821","1,918","54,243","1,849","52,284","2,146","52,540","3,036","52,420","2,000","50,232","1,643","48,619","1,818","49,531","2,077","50,287","1,798"
Nevada,"70,906","3,465","62,985","2,154","60,533","3,079","58,978","3,169","59,054","2,277","56,122","2,452","53,913","1,985","56,993","3,493","49,873","3,111","52,803","2,826","53,591","3,040","60,165","2,259","61,437","1,310","65,163","3,164","66,818","1,599","66,456","1,591","63,265","2,205","64,044","1,875","62,960","2,165","64,068","1,654","65,722","1,636","68,121","1,505","63,819","2,715","62,497","1,926","61,907","2,511","62,734","2,629","60,300","2,196","61,388","2,625","62,571","1,883","57,152","1,426","60,462","2,871","60,923","2,243","58,571","1,892","58,304","1,992","58,025","2,435","58,545","1,999","52,883","2,284","60,578","2,392"
New Hampshire,"86,900","2,721","82,820","3,455","78,877","4,110","78,013","3,172","81,245","3,103","81,661","3,797","79,340","3,516","75,958","4,361","78,402","3,585","75,656","2,481","75,049","1,882","78,300","1,940","76,603","2,217","78,771","3,814","83,527","2,282","78,770","1,880","74,780","2,659","77,084","1,796","77,428","1,817","78,836","1,837","74,303","1,041","75,815","1,850","70,890","3,005","70,675","2,933","65,323","2,556","64,145","2,823","65,459","2,600","60,317","3,144","66,327","2,830","70,636","3,443","66,144","2,458","77,631","2,498","74,925","2,737","72,143","2,352","69,812","3,130","68,217","1,851","59,992","2,440","60,903","1,727"
New Jersey,"87,726","4,069","75,520","2,897","74,299","4,306","76,131","3,128","72,943","3,054","73,764","3,380","70,525","2,911","70,083","4,907","67,915","3,362","74,399","2,186","71,014","3,449","73,993","2,871","77,375","2,292","77,735","2,734","74,791","1,802","86,510","2,516","83,158","2,962","74,995","1,741","78,094","1,425","77,762","2,287","74,940","1,351","75,039","1,475","76,553","2,163","78,328","2,257","76,513","2,269","77,266","1,981","73,402","2,340","72,356","1,821","70,758","1,723","69,855","1,506","73,518","1,896","73,691","1,644","78,095","1,892","75,606","1,371","73,921","1,714","70,823","1,880","70,392","1,461","65,279","1,880"
New Mexico,"53,113","2,196","49,158","2,242","47,559","1,904","49,910","2,054","51,618","3,155","48,688","3,113","50,466","3,580","44,153","4,846","46,309","2,935","48,442","2,529","47,825","2,454","53,037","3,544","52,010","1,785","50,115","1,644","54,826","1,822","50,880","1,598","51,110","2,231","53,676","2,149","48,916","1,591","50,528","1,512","47,948","1,792","52,244","1,858","50,139","2,688","49,586","2,198","47,936","1,843","40,834","1,776","43,434","1,838","46,044","2,365","46,749","1,490","46,319","2,413","48,719","2,194","47,636","1,994","45,120","2,054","40,204","1,736","44,813","1,341","44,316","1,548","46,405","2,329","48,484","2,418"
New York,"71,855","1,699","68,493","1,753","64,185","1,796","65,128","2,183","65,453","1,497","62,594","2,379","58,707","1,925","54,926","2,492","59,188","1,805","53,190","1,768","57,684","1,146","58,497","1,551","59,982",715,"60,065",812,"60,497","1,135","61,295","1,257","61,909","1,085","60,578","1,075","59,621","1,215","59,804",827,"60,961",869,"60,657",865,"61,553","1,353","58,784","1,221","57,037","1,010","57,639","1,214","55,193","1,197","54,591",816,"55,378",971,"55,617",948,"58,364",988,"60,101",972,"62,875",904,"60,246","1,392","56,959",984,"55,883","1,058","53,712","1,188","51,768",980
North Carolina,"61,159","1,649","54,336","1,793","51,674","2,312","52,505","1,836","57,278","1,735","54,815","1,449","50,572","1,848","50,937","3,269","45,299","2,262","46,355","1,444","51,498","1,777","51,504","2,260","50,056",688,"51,101","1,007","53,784","1,325","50,586","1,036","55,190","1,265","54,593","1,102","51,945","1,311","52,036","1,020","55,240","1,377","57,044","1,200","57,343","1,478","56,338","1,607","57,104","1,461","57,950","1,641","53,440","1,484","51,536","1,147","50,351","1,141","49,742","1,103","49,294",936,"50,090","1,058","52,714","1,032","50,870","1,117","49,135","1,170","48,818","1,559","48,741","1,329","48,341","1,506"
North Dakota,"70,031","3,170","67,710","3,151","62,750","2,192","62,457","1,748","64,118","2,440","61,957","3,489","65,647","3,392","65,024","3,794","58,138","3,147","62,210","2,368","64,205","3,372","59,937","2,716","59,814","2,076","59,077","1,414","58,348","1,582","52,175","1,786","55,369","1,602","53,212","1,697","56,308","1,187","51,587","1,174","51,811","1,164","53,588","1,585","50,276","2,129","47,639","1,853","50,446","2,168","51,225","1,927","48,611","2,034","48,394","1,908","49,125","1,459","48,288","1,614","47,530","1,711","48,064","1,908","50,364","1,803","50,197","2,102","48,738","1,954","48,029","1,753","48,182","1,838","48,816","2,439"
Ohio,"64,663","3,011","62,750","2,295","63,294","1,973","62,334","1,971","57,514","2,018","57,517","2,112","53,663","1,506","55,786","2,691","51,004","1,524","49,503","1,922","50,862","1,367","53,920","1,754","54,802",748,"55,867","1,009","60,689","1,341","58,344",805,"58,008","1,373","58,415","1,326","60,641","1,296","60,827","1,107","60,485",957,"63,959","1,090","60,783","1,522","61,191","2,478","57,573","1,424","55,458","1,730","58,390","1,651","54,515",999,"54,658","1,150","56,249","1,051","54,685","1,393","57,099","1,370","57,934","1,308","57,798","1,325","55,640","1,198","56,084","1,313","57,200","1,282","54,343","1,156"
Oklahoma,"59,397","2,357","55,420","2,824","54,110","3,242","57,368","3,235","54,273","1,760","50,801","2,090","51,020","3,000","50,745","3,784","48,123","4,491","54,001","3,147","55,199","2,728","50,650","2,436","54,800","1,361","54,887","1,108","53,417","1,796","49,367","2,030","49,402","1,902","53,747","1,522","50,026","1,088","51,955",874,"51,545",999,"48,283","1,056","50,307","2,295","53,020","1,937","49,952","1,633","44,661","1,773","43,968","1,471","46,191","2,076","45,879","2,607","45,287","1,925","46,740","1,981","46,390","1,986","47,246","2,467","49,312","1,575","46,827","1,908","46,779","1,945","48,182","1,736","49,702","1,687"
Oregon,"74,413","5,675","70,418","3,721","65,181","2,651","67,384","2,979","63,000","2,793","65,646","2,562","63,642","3,241","53,863","3,174","61,897","2,223","57,758","2,599","58,698","1,831","59,462","1,769","58,647","1,964","61,572","1,636","62,094","1,677","59,857","1,774","57,950","1,825","55,619","1,426","58,019","1,345","59,570","1,218","59,744","1,089","63,270","1,393","62,523","1,927","61,414","3,029","59,346","2,849","57,772","2,074","60,785","1,621","53,833","1,930","57,895","2,027","57,186","3,652","55,419","1,995","55,706","1,838","56,952","2,865","57,815","2,396","54,053","2,357","55,320","2,238","49,747","2,368","50,292","1,751"
Pennsylvania,"70,582","3,226","65,693","1,665","63,916","1,925","65,885","2,871","64,965","2,169","65,166","2,403","59,640","2,449","60,631","3,227","59,308","1,765","57,902","1,567","56,857","1,930","56,773","1,772","57,540","1,119","61,185",701,"59,870","1,152","61,619","1,105","60,760",978,"59,841","1,410","59,823","1,084","60,562","1,133","62,966","1,047","62,789","1,048","58,119","1,756","61,333","1,698","59,776","1,536","56,807","1,585","57,693","1,141","54,877","1,119","54,151","1,212","53,523","1,195","55,744","1,127","55,181","1,309","57,274","1,365","55,719","1,036","54,886","1,168","53,163","1,105","51,981","1,222","47,817","1,173"
Rhode Island,"70,151","4,980","63,394","3,409","68,209","4,218","69,241","4,390","65,550","3,013","60,107","3,504","63,380","4,325","61,914","4,234","63,551","2,347","62,544","2,857","55,858","2,601","60,662","2,033","61,676","1,727","63,374","2,856","67,006","2,285","68,304","2,317","64,938","1,911","65,036","2,676","62,301","1,740","60,447","1,247","66,185","1,660","62,820","1,516","65,755","3,048","63,959","4,177","55,443","3,561","60,204","1,686","59,089","2,294","54,640","2,261","58,544","2,703","54,508","2,567","56,605","2,003","60,818","2,235","60,136","2,703","62,178","3,300","61,078","3,109","59,266","2,367","55,952","2,045","50,792","1,993"
South Carolina,"62,028","1,783","58,485","2,120","56,879","2,225","57,331","2,167","57,888","3,359","50,027","2,445","48,567","2,426","47,888","2,625","48,092","3,265","49,532","2,406","45,663","1,939","48,999","1,716","49,094","1,329","50,178","1,334","54,649","1,920","50,357","1,712","52,794","1,580","52,494","1,385","53,617","1,562","53,884","1,744","54,624","1,481","55,932","1,395","56,124","2,660","52,297","2,059","54,590","2,564","56,426","2,287","48,581","2,340","51,077","1,949","45,517","1,677","49,396","2,569","50,414","2,087","54,668","2,631","47,508","2,114","53,200","2,396","54,077","2,452","49,057","1,929","45,525","1,959","47,730","2,195"
South Dakota,"64,255","3,776","60,540","2,690","59,358","4,157","59,337","3,789","61,205","3,276","59,421","2,810","57,348","3,829","58,715","3,207","59,859","3,331","55,125","1,902","53,796","2,446","53,293","2,403","54,738","1,540","61,421","1,184","57,375","1,112","57,742","2,086","56,627","1,797","55,772","1,350","55,070","1,399","53,971","1,358","57,425","1,239","54,301","1,023","55,148","1,453","51,540","1,592","47,312","1,824","48,061","1,633","49,428","2,690","50,884","2,028","48,459","1,817","47,034","1,198","45,230","1,432","46,746","1,632","48,127","1,994","46,451","1,465","45,661","1,289","44,434","1,483","41,222","1,595","45,615","2,181"
Tennessee,"56,627","2,766","57,076","1,468","57,681","2,222","57,612","2,255","54,700","1,478","51,074","1,843","47,255","2,514","47,665","3,776","46,718","3,225","47,963","2,685","48,164","2,912","45,348","1,477","48,397","1,180","47,258","1,441","50,919","1,379","51,725",960,"51,713","1,563","51,654","1,434","52,285","1,646","52,770","1,583","51,797","1,145","50,760","1,385","56,216","2,016","53,592","2,055","48,813","2,164","50,119","1,769","48,487","2,119","49,012","1,759","43,856","1,452","43,557","1,635","44,888","1,680","42,981","1,653","45,138","2,605","43,455","2,119","45,722","1,716","40,767","1,974","40,395","1,266","39,441","1,354"
Texas,"67,444","1,769","60,868","1,397","62,672","1,383","61,841","1,775","61,947","1,499","60,940","1,391","58,237","1,453","56,509","1,495","58,291","1,773","57,926","1,060","55,874","1,313","55,542","1,362","56,708",887,"55,338",802,"56,924",865,"55,048","1,052","54,358",551,"56,166",745,"54,721","1,062","57,215",802,"59,146",741,"57,478","1,169","59,550","1,570","56,252","1,041","55,885","1,402","53,833","1,242","53,541","1,059","52,633","1,121","50,189","1,071","50,068","1,136","50,909","1,149","53,703","1,362","51,676","1,116","52,012","1,213","53,368","1,375","53,956","1,148","53,948","1,241","54,111","1,253"
Utah,"84,523","3,494","78,463","2,369","72,785","2,257","74,381","2,347","71,892","2,383","71,499","2,657","68,515","3,493","67,107","1,707","69,218","4,548","65,083","3,284","63,217","1,890","66,629","2,306","69,866","1,897","74,439","1,816","66,164","1,506","69,438","2,124","71,931","1,710","69,020","1,258","68,660","1,257","68,205","1,633","68,529","2,317","70,789","1,550","70,882","2,486","69,639","2,162","68,154","2,844","60,289","2,165","60,962","1,536","61,123","1,782","62,522","2,170","61,349","2,051","51,429","2,495","57,344","1,937","61,320","2,024","54,825","1,894","57,272","2,578","58,688","1,809","57,345","1,595","54,188","1,727"
Vermont,"74,305","3,084","71,335","2,393","66,416","3,450","66,545","3,268","64,814","1,453","64,200","2,829","65,623","3,349","72,016","4,411","60,286","3,277","62,005","3,380","59,080","2,286","65,721","2,640","62,493","1,718","60,357","1,169","58,576","1,728","66,073","1,609","66,539","1,718","64,214","1,723","60,280","1,361","61,276","1,183","59,050","1,366","58,945","1,371","64,008","2,166","61,894","2,501","55,850","2,752","52,671","2,035","56,523","2,076","61,270","3,262","54,274","1,670","58,669","2,388","53,520","2,243","59,163","2,532","62,474","2,268","60,398","2,244","54,867","2,966","54,932","2,240","59,077","2,140","53,063","2,310"
Virginia,"81,313","3,056","78,549","3,142","73,851","3,968","74,354","3,417","70,795","2,595","66,350","2,632","71,511","3,185","72,450","3,012","74,333","2,794","72,101","2,416","71,331","2,020","70,937","2,309","72,267","1,425","73,782","1,722","73,126","1,687","72,604","2,024","68,127","1,555","69,386","1,514","76,335","2,178","70,727","1,838","72,725","1,662","70,213","1,585","70,333","2,724","68,154","3,451","68,444","3,023","63,826","2,375","60,531","2,325","64,428","2,620","63,652","2,423","68,418","2,434","66,336","2,452","66,726","1,994","68,109","2,406","68,024","2,748","64,756","2,187","66,356","2,398","64,596","3,008","62,339","2,054"
Washington,"82,454","2,920","81,170","3,080","74,612","2,215","78,656","3,449","74,906","2,229","72,562","3,510","63,850","2,373","70,268","3,722","66,073","2,416","69,373","2,509","64,763","2,259","65,997","2,421","72,137","1,432","67,409","2,406","71,790","2,146","69,558","1,581","66,463","1,371","67,732","1,449","66,198","1,944","64,388","1,374","61,505","1,830","63,308","1,803","69,994","3,202","74,547","2,168","71,001","2,733","59,700","2,617","59,438","2,092","57,387","2,037","62,293","1,941","60,720","2,234","62,358","2,175","61,092","2,357","63,803","2,939","67,355","2,146","58,977","2,392","60,028","2,121","54,532","1,718","58,795","1,934"
West Virginia,"53,706","2,995","51,489","1,361","48,973","1,332","47,341","1,549","47,253","2,124","46,212","3,380","42,754","2,373","47,344","3,797","44,236","2,957","48,586","3,095","47,642","2,012","50,267","2,959","48,364","1,091","45,225","1,671","52,026","1,222","48,834","1,543","47,827","1,412","45,279","1,591","45,652","1,384","41,838",996,"42,952",976,"43,785",960,"45,095","1,769","41,979","1,226","43,797","2,095","41,096","2,118","41,577","1,454","40,327","2,083","39,172","1,714","36,308","1,598","42,491","1,685","42,115","2,173","43,274","1,683","40,323","1,938","37,147","1,680","36,766","2,021","36,316","1,881","39,584","1,429"
Wisconsin,"67,355","2,323","63,764","2,076","66,208","3,033","66,175","3,831","63,727","1,966","59,809","1,605","62,782","2,328","56,861","2,890","60,743","2,570","59,213","1,906","59,304","2,355","59,167","1,686","61,202",963,"60,945","1,014","63,381","1,285","65,706","1,457","58,594","1,546","62,047","1,814","64,472","1,363","65,414","1,348","65,639","1,626","67,124","1,417","70,293","2,891","64,967","1,998","63,087","1,832","65,112","2,897","68,440","2,203","60,562","2,177","55,498","2,341","59,660","1,965","57,151","1,869","58,427","1,707","58,138","2,475","61,621","2,038","56,926","3,044","59,021","1,793","52,819","2,638","48,750","1,930"
Wyoming,"65,134","3,773","63,672","3,963","62,092","3,321","60,320","3,269","61,609","3,326","65,745","2,184","60,199","2,182","74,136","4,384","61,229","3,482","64,158","3,146","62,096","2,594","61,341","2,563","62,674","2,545","63,488","1,877","60,250","1,685","59,794","1,910","58,684","1,979","61,593","1,555","59,297","1,393","56,665","1,391","57,494","1,688","58,997","1,572","57,334","1,978","55,414","2,069","53,253","2,296","50,384","1,397","52,688","1,898","56,715","3,163","51,438","2,039","54,109","2,543","53,327","2,537","56,047","1,885","58,932","2,573","55,046","2,282","59,562","3,148","52,610","1,927","50,172","2,384","55,972","1,718"
"Source: U.S. Census Bureau, Current Population Survey, Annual Social and Economic Supplements (CPS ASEC). For information on confidentiality protection, sampling error, nonsampling error, and definitions, see <https://www2.census.gov/programs-surveys/cps/techdocs/cpsmar20.pdf>.",,,,,,,,,,,,,,,,,,,,,,,,,,,,,,,,,,,,,,,,,,,,,,,,,,,,,,,,,,,,,,,,,,,,,,,,,,,,
Footnotes are available at <www.census.gov/topics/income-poverty/income/guidance/cps-historic-footnotes.html>.,,,,,,,,,,,,,,,,,,,,,,,,,,,,,,,,,,,,,,,,,,,,,,,,,,,,,,,,,,,,,,,,,,,,,,,,,,,,